﻿Designator,Footprint,Quantity,Value,LCSC Part #
"C1, C4",0805,2,10uF,
C10,CP_Radial_D5.0mm_P2.00mm,1,33u,
"C11, C12, C13, C14, C16, C17, C20, C6",0603,8,0.1u,
"C15, C2, C3",0603,3,1u,
"C18, C19",CP_Radial_D5.0mm_P2.00mm,2,100u,
C7,0805,1,10u,
C8,CP_Radial_D5.0mm_P2.00mm,1,100uF,
C9,C_Radial_D10.0mm_H12.5mm_P5.00mm,1,0.33u,
D1,0603,1,LED_Small,
D10,0603,1,VBAT_LED,
"D11, D5, D6",0603,3,LED,
D2,0603,1,5V_LED,
D3,0603,1,3.3V_LED,
"D4, D7",SODFL4725X110N,2,SB34AFC,
IC1,DIP762W60P254L1925H445Q16N,1,TC4051BP,
J1,HCTYPEC16PCB10,1,USB_C_Receptacle_USB2.0_16P,
"J10, J9",JST_XA_B02B-XASK-1_1x02_P2.50mm_Vertical,2,Conn_01x02,
"J2, J5",PinSocket_1x15_P2.54mm_Vertical,2,Conn_01x15_Socket,
J3,JST_XA_B02B-XASK-1_1x02_P2.50mm_Vertical,1,PWR IN,
J6,JST_PH_B6B-PH-K_1x06_P2.00mm_Vertical,1,Conn_01x06,
"R1, R11, R12, R21, R5, R6, R7, R9",0603,8,10k,
R10,0603,1,2.4k,
R13,0603,1,750,
R14,0603,1,100k,
"R15, R18",0603,2,1k,
"R16, R8",SL1TER010F,2,10m,
"R17, R19",0603,2,149k,
"R2, R3",0603,2,5.1k,
R4,0603,1,4.7k,
"SW1, SW4",SKRPACE010,2,SW_Push,
"SW2, SW3",DTS63NV,2,SW_Push,
SW5,2MS1T1B4VS2QES,1,SW_SPDT,
U1,MODULE_ESP32-C3-WROOM-02-H4,1,ESP32-C3-WROOM-02-N4,
U10,PinHeader_2x03_P2.54mm_Vertical,1,conn_02x03_pinn,
U11,conn_03x03,1,conn_03x03,
U2,RT9080-33GJ5,1,RT9080-33GJ5,
"U3, U4",SOIC127P599X175-9N,2,TB67H450FNG_EL,
U5,TA4805S,1,TA4805S,
U6,NJM2746M,1,NJM2746M,
"U7, U9",conn_03x04_pinn,2,conn_03x04,
